<?xml version="1.0" encoding="UTF-8"?>
<!--
  Licensed to the Apache Software Foundation (ASF) under one
  or more contributor license agreements. See the NOTICE file
  distributed with this work for additional information
  regarding copyright ownership. The ASF licenses this file
  to you under the Apache License, Version 2.0 (the
  "License"); you may not use this file except in compliance
  with the License. You may obtain a copy of the License at
 
  http://www.apache.org/licenses/LICENSE-2.0
 
  Unless required by applicable law or agreed to in writing,
  software distributed under the License is distributed on an
  "AS IS" BASIS, WITHOUT WARRANTIES OR CONDITIONS OF ANY
  KIND, either express or implied. See the License for the
  specific language governing permissions and limitations
  under the License.
-->
<toolspec xmlns:xsi="http://www.w3.org/2001/XMLSchema-instance" xmlns:xhtml="http://www.w3.org/TR/xhtml1/strict" xmlns="http://cxf.apache.org/Xutil/ToolSpecification" xmlns:ts="http://cxf.apache.org/Xutil/ToolSpecification" xsi:schemaLocation="http://cxf.apache.org/Xutil/ToolSpecification http://cxf.apache.org/schema/xutil/tool-specification.xsd">
    <annotation>
Examples :

xsd2wsdl -t http://org.apache/invoice -n Invoice Invoice.xsd
    </annotation>
    <usage>
        <optionGroup id="options">
            <option id="namespace" minOccurs="1" maxOccurs="1">
                <annotation>
                            Specify the target namespace.
                          </annotation>
                <switch>t</switch>
                <associatedArgument placement="afterSpace">
                    <annotation>target-name-space</annotation>
                </associatedArgument>
            </option>
            <option id="name" maxOccurs="1">
                <annotation>
                            The name of generated wsdl.
                          </annotation>
                <switch>n</switch>
                <associatedArgument placement="afterSpace">
                    <annotation>wsdl-name</annotation>
                </associatedArgument>
            </option>
            <option id="outputdir" maxOccurs="1">
                <annotation>
                            The directory in which the generated wsdl is placed
                           </annotation>
                <switch>d</switch>
                <associatedArgument placement="afterSpace">
                    <annotation>output-directory</annotation>
                </associatedArgument>
            </option>
            <option id="outputfile" maxOccurs="1">
                <annotation>
                            The wsdl output file name.
                          </annotation>
                <switch>o</switch>
                <switch>output</switch>
                <associatedArgument placement="afterSpace">
                    <annotation>output-file</annotation>
                </associatedArgument>
            </option>
        </optionGroup>
        <optionGroup id="common_options">
            <option id="help" maxOccurs="1">
                <annotation>
                            Display detailed information for options.
                         </annotation>
                <switch>h</switch>
                <switch>?</switch>
                <switch>help</switch>
            </option>
            <option id="version">
                <annotation>
                            Display the version of the tool.
                          </annotation>
                <switch>version</switch>
                <switch>v</switch>
            </option>
            <option id="verbose">
                <annotation>
                            Verbose mode
                          </annotation>
                <switch>verbose</switch>
                <switch>V</switch>
            </option>
            <option id="quiet">
                <annotation>
                            Quiet mode
                           </annotation>
                <switch>quiet</switch>
                <switch>q</switch>
                <switch>Q</switch>
            </option>
        </optionGroup>
        <argument id="xsdurl" minOccurs="1" maxOccurs="1">
            <annotation>
                            XSD URL
                           </annotation>
        </argument>
    </usage>
</toolspec>
