<?xml version="1.0" encoding="ISO-8859-1"?>
<document>
<body>

<section name="Apache WSS4J - Web Services Security for Java">
<subsection name="The Project">
<p> 
The <b>Apache WSS4J&#8482;</b> project provides a Java implementation of the primary security 
standards for Web Services, namely the OASIS Web Services Security (WS-Security) specifications from 
the <a href="http://www.oasis-open.org/committees/tc_home.php?wg_abbrev=wss">OASIS Web Services 
Security TC</a>. WSS4J provides an implementation of the following WS-Security standards:
</p>
<ul>
<li>
<a href="http://docs.oasis-open.org/wss/v1.1/wss-v1.1-spec-os-SOAPMessageSecurity.pdf">
SOAP Message Security 1.1</a>
</li>
<li>
<a href="http://docs.oasis-open.org/wss/v1.1/wss-v1.1-spec-os-UsernameTokenProfile.pdf">Username
Token Profile 1.1</a>
</li>
<li>
<a href="http://docs.oasis-open.org/wss/v1.1/wss-v1.1-spec-os-x509TokenProfile.pdf">X.509
Certificate Token Profile 1.1</a>
</li>
<li>
<a href="http://docs.oasis-open.org/wss/v1.1/wss-v1.1-spec-os-SAMLTokenProfile.pdf">SAML Token
Profile 1.1</a>
</li>
<li>
<a href="http://docs.oasis-open.org/wss/v1.1/wss-v1.1-spec-os-KerberosTokenProfile.pdf">Kerberos Token
Profile 1.1</a>
</li>
<li>
<a href="http://www.ws-i.org/Profiles/BasicSecurityProfile-1.1.html">Basic Security Profile 1.1</a>
</li>
</ul>
<p> 
Apache WSS4J, Apache, and the Apache feather logo are trademarks of The Apache Software 
Foundation.
</p>
</subsection>
<subsection name="News">
<ul>
<li>
<p><b>January 2014</b> - 
The Apache WSS4J team are pleased to announce the release of version 1.6.14. 
</p>
<p>
Please see the <a href="https://issues.apache.org/jira/browse/WSS/fixforversion/12325595">
release notes</a> for more information.
</p>
</li>
</ul>
</subsection>
</section>

</body>
</document>
