{
  "resources":{
  "includes":[
    {"pattern":"\\QMETA-INF/cxf/bus-extensions.txt\\E"}, 
    {"pattern":"\\QMETA-INF/io.netty.versions.properties\\E"}, 
    {"pattern":"\\QMETA-INF/mailcap.default\\E"}, 
    {"pattern":"\\QMETA-INF/services/javax.xml.bind.JAXBContextFactory\\E"}, 
    {"pattern":"\\QMETA-INF/services/javax.xml.stream.XMLEventFactory\\E"}, 
    {"pattern":"\\QMETA-INF/services/javax.xml.stream.XMLInputFactory\\E"}, 
    {"pattern":"\\QMETA-INF/services/javax.xml.stream.XMLOutputFactory\\E"}, 
    {"pattern":"\\Qorg/apache/cxf/transport/http/ReferencingAuthenticator.class\\E"}, 
    {"pattern":"\\Qorg/apache/cxf/version/version.properties\\E"}, 
    {"pattern":"\\Qorg/apache/xml/resolver/etc/catalog.dtd\\E"}, 
    {"pattern":"\\Qorg/apache/xml/resolver/etc/catalog.rng\\E"}, 
    {"pattern":"\\Qorg/apache/xml/resolver/etc/catalog.xsd\\E"}, 
    {"pattern":"\\Qorg/apache/xml/resolver/etc/xcatalog.dtd\\E"}, 
    {"pattern":"\\Qorg/slf4j/impl/StaticLoggerBinder.class\\E"}, 
    {"pattern":"\\Qschemas/wsdl/ws-addr-wsdl.xsd\\E"}, 
    {"pattern":"\\Qschemas/wsdl/ws-addr.xsd\\E"}, 
    {"pattern":"\\Qschemas/wsdl/wsrm.xsd\\E"}
  ]},
  "bundles":[
    {"name":"org.apache.cxf.Messages"}, 
    {"name":"org.apache.cxf.binding.soap.interceptor.Messages"}, 
    {"name":"org.apache.cxf.binding.soap.saaj.Messages"}, 
    {"name":"org.apache.cxf.bus.extension.Messages"}, 
    {"name":"org.apache.cxf.bus.managers.Messages"}, 
    {"name":"org.apache.cxf.common.annotation.Messages"}, 
    {"name":"org.apache.cxf.common.injection.Messages"}, 
    {"name":"org.apache.cxf.common.jaxb.Messages"}, 
    {"name":"org.apache.cxf.common.util.Messages"}, 
    {"name":"org.apache.cxf.endpoint.Messages"}, 
    {"name":"org.apache.cxf.frontend.Messages"}, 
    {"name":"org.apache.cxf.interceptor.Messages"}, 
    {"name":"org.apache.cxf.jaxb.Messages"}, 
    {"name":"org.apache.cxf.jaxb.attachment.Messages"}, 
    {"name":"org.apache.cxf.jaxws.Messages"}, 
    {"name":"org.apache.cxf.jaxws.binding.soap.Messages"}, 
    {"name":"org.apache.cxf.jaxws.handler.Messages"}, 
    {"name":"org.apache.cxf.jaxws.interceptors.Messages"}, 
    {"name":"org.apache.cxf.jaxws.support.Messages"}, 
    {"name":"org.apache.cxf.resource.Messages"}, 
    {"name":"org.apache.cxf.service.factory.Messages"}, 
    {"name":"org.apache.cxf.service.model.Messages"}, 
    {"name":"org.apache.cxf.staxutils.Messages"}, 
    {"name":"org.apache.cxf.transport.http.Messages"}, 
    {"name":"org.apache.cxf.transport.https.Messages"}, 
    {"name":"org.apache.cxf.ws.policy.APIMessages"}, 
    {"name":"org.apache.cxf.ws.policy.Messages"}, 
    {"name":"org.apache.cxf.ws.policy.attachment.Messages"}, 
    {"name":"org.apache.cxf.wsdl.Messages"}, 
    {"name":"org.apache.cxf.wsdl.interceptors.Messages"}, 
    {"name":"org.apache.cxf.wsdl.service.factory.Messages"}, 
    {"name":"org.apache.cxf.wsdl11.Messages"}
  ]
}
