<?xml version="1.0" encoding="ISO-8859-1"?>
<project name="Apache WSS4J">
  <bannerLeft>
    <name>Apache WSS4J</name>
    <href>http://ws.apache.org/wss4j</href>
  </bannerLeft>
  <bannerRight>
    <src>http://activemq.apache.org/images/asf-logo.png</src>
    <href>http://www.apache.org</href>
  </bannerRight>
  <body>
    <menu name="Apache WSS4J">
      <item name="Home" href="index.html"/>
      <item name="Download" href="download.html"/>
      <item name="Using WSS4J" href="using.html"/>
      <item name="WSS4J Configuration" href="config.html"/>
      <item name="Special Topics" href="topics.html"/>
      <item name="Security Best Practices" href="best_practice.html"/>
      <item name="WSS4J 1.6 Release Notes" href="wss4j16.html"/>
    </menu>

    <menu ref="reports"/>

  </body>
</project>

